Product_Title,Product_Price,Product_Rating,Product_Review
"Apple iPhone 15 Pro Max, 256GB, Natural Titanium - Unlocked (Renewed)",$799.99,4.0 out of 5 stars,710 global ratings
"Apple iPhone 16 Pro Max, US Version, 1TB, Natural Titanium - Unlocked (Renewed)","$1,399.95",Previous page of related Sponsored Products,
"Apple iPhone 16, US Version, 256GB, Pink for T-Mobile (Renewed)",$774.97,4.1 out of 5 stars,
"Apple iPhone 16 Pro, US Version, 256GB, White Titanium - for AT&T (Renewed)",$939.95,Previous page of related Sponsored Products,
"I16 PROMAX 5G Phone,Smartphone Unlocked Cell Phone 12GB+512GB/6.99â€œ HD Screen Display/68MP+108MP Camera/7000 mAh, Dual SIM Card/Face Unlock/Fingerprint Button Unlock-and take Photos (White)",,4.4 out of 5 stars,26 global ratings
"Apple iPhone 14 Plus, 128GB, Purple - Unlocked (Renewed)",$443.17,4.2 out of 5 stars,"1,753 global ratings"
"Apple iPhone 13, 128GB, Green for AT&T (Renewed)",,4.1 out of 5 stars,"13,944 global ratings"
"Apple iPhone 15 Plus, 128GB, Black - Unlocked (Renewed)",$545.00,4.3 out of 5 stars,615 global ratings
"Apple iPhone 16 Pro, US Version, 256GB, White Titanium for Cricket (Renewed)",$939.95,Previous page of related Sponsored Products,
"Apple iPhone 16 Plus, US Version, 512GB, White for Boost (Renewed)","$1,099.97",Previous page of related Sponsored Products,
"Apple iPhone 16 Plus, US Version, 512GB, White for Tracfone (Renewed)","$1,099.97",Previous page of related Sponsored Products,
"Apple iPhone 16 Plus, US Version, 512GB, White for Cricket (Renewed)","$1,099.97",Previous page of related Sponsored Products,
"Apple iPhone 16 Plus, US Version, 512GB, White for Boost (Renewed Premium)","$1,139.97",Previous page of related Sponsored Products,
"Apple iPhone 16 Plus, US Version, 512GB, White for Verizon (Renewed Premium)","$1,139.97",Previous page of related Sponsored Products,
"Apple iPhone 16 Plus, 512GB, White - AT&T (Renewed Premium)","$1,139.97",Previous page of related Sponsored Products,
"Apple iPhone 16, US Version, 256GB, Pink for Boost (Renewed)",$774.97,Previous page of related Sponsored Products,
"Belkin MagSafe-Compatible Charger, 3-in-1 Wireless Charging Station, Qi2-Certified 15W Wireless Charger for Apple iPhone 16 Series, Apple Watch, AirPods w/Non-Slip Base, 40W Charger Included - White",,4.5 out of 5 stars,"6,275 global ratings"
"Upgraded 3 in 1 Wireless Charger, Nano Magnetic iPhone Charging Station for Apple Devices, Fast Mag Safe Charging Pad for iPhone 16/15/14/13/12 Series & AirPods Pro & Apple Watch Series, White",,4.0 out of 5 stars,497 global ratings
"I16 ProMAX 12GB+512GB 6.99"" HD Screen Smartphone Unlocked Cell Phone,Battery 7000mAh Unlocked The Phone, Android 13 Fingerprint Button Unlock/Photos/Face ID/Dual SIM/5G/GPS (Gold, 12+512)",,4.8 out of 5 stars,12 global ratings
